client_id,ClientID,region_id
1,17850.0,1
2,13047.0,1
3,12583.0,2
4,13748.0,1
5,15100.0,1
6,15291.0,1
7,14688.0,1
8,17809.0,1
9,15311.0,1
10,14527.0,1
11,16098.0,1
12,18074.0,1
13,17420.0,1
14,16029.0,1
15,16250.0,1
16,12431.0,3
17,17511.0,1
18,17548.0,1
19,13705.0,1
20,13747.0,1
21,13408.0,1
22,13767.0,1
23,17924.0,1
24,13448.0,1
25,15862.0,1
26,15513.0,1
27,12791.0,4
28,16218.0,1
29,14045.0,1
30,14307.0,1
31,17908.0,1
32,17920.0,1
33,,1
34,12838.0,1
35,13255.0,1
36,16583.0,1
37,18085.0,1
38,13758.0,1
39,13694.0,1
40,15983.0,1
41,14849.0,1
42,17968.0,1
43,16210.0,1
44,17897.0,1
45,17377.0,1
46,16552.0,1
47,17181.0,1
48,17951.0,1
49,14729.0,1
50,12748.0,1
51,15012.0,1
52,12868.0,1
53,17572.0,1
54,14078.0,1
55,14001.0,1
56,12662.0,5
57,15525.0,1
58,14237.0,1
59,17905.0,1
60,15485.0,1
61,12433.0,6
62,16955.0,1
63,15350.0,1
64,15605.0,1
65,18144.0,1
66,15922.0,1
67,14594.0,1
68,15165.0,1
69,14911.0,7
70,16456.0,1
71,17841.0,1
72,12472.0,5
73,17346.0,1
74,17643.0,1
75,17873.0,1
76,13093.0,1
77,12921.0,1
78,13468.0,1
79,17760.0,1
80,16928.0,1
81,16048.0,1
82,16274.0,1
83,14496.0,1
84,14696.0,1
85,16539.0,1
86,17025.0,1
87,13777.0,1
88,17690.0,1
89,12947.0,1
90,17460.0,1
91,18229.0,1
92,14142.0,1
93,17069.0,1
94,13065.0,1
95,14606.0,1
96,16835.0,1
97,15235.0,1
98,13576.0,1
99,18011.0,1
100,13090.0,1
101,15694.0,1
102,14741.0,1
103,13715.0,1
104,14092.0,1
105,17732.0,1
106,12855.0,1
107,15752.0,1
108,17855.0,1
109,14047.0,1
110,17925.0,1
111,13941.0,1
112,17017.0,1
113,14135.0,1
114,13108.0,1
115,12471.0,5
116,15601.0,1
117,13418.0,1
118,14766.0,1
119,15658.0,1
120,14388.0,1
121,14901.0,1
122,18041.0,1
123,15955.0,1
124,15070.0,1
125,16244.0,1
126,15111.0,1
127,14390.0,1
128,16546.0,1
129,15260.0,1
130,13305.0,1
131,14491.0,1
132,14060.0,1
133,15923.0,1
134,16752.0,1
135,17287.0,1
136,15363.0,1
137,12915.0,1
138,15544.0,1
139,15738.0,1
140,16042.0,1
141,17381.0,1
142,15827.0,1
143,14180.0,1
144,13117.0,1
145,16916.0,1
146,17964.0,1
147,14466.0,1
148,17235.0,1
149,16510.0,1
150,17802.0,1
151,15107.0,1
152,17976.0,1
153,14449.0,1
154,15838.0,1
155,16781.0,1
156,17547.0,1
157,13491.0,1
158,16186.0,1
159,17685.0,1
160,17581.0,1
161,15732.0,1
162,13138.0,1
163,15823.0,1
164,17567.0,1
165,15061.0,1
166,16203.0,1
167,15640.0,1
168,15574.0,1
169,16770.0,1
170,17838.0,1
171,17228.0,1
172,14829.0,1
173,17412.0,1
174,14031.0,1
175,14775.0,1
176,12971.0,1
177,15834.0,1
178,17659.0,1
179,15299.0,1
180,15646.0,1
181,13958.0,1
182,14443.0,1
183,14156.0,7
184,16995.0,1
185,13402.0,1
186,18168.0,1
187,17757.0,1
188,14625.0,1
189,13011.0,1
190,13798.0,1
191,15384.0,1
192,14264.0,1
193,13295.0,1
194,16754.0,1
195,16634.0,1
196,18239.0,1
197,14576.0,1
198,13145.0,1
199,14395.0,1
200,14865.0,1
201,15093.0,1
202,12738.0,5
203,16150.0,1
204,17552.0,1
205,14236.0,1
206,17961.0,1
207,14573.0,1
208,17135.0,1
209,17396.0,1
210,14213.0,1
211,12967.0,1
212,12686.0,2
213,14679.0,1
214,15240.0,1
215,18225.0,1
216,13370.0,1
217,16883.0,1
218,13520.0,8
219,12841.0,1
220,16905.0,1
221,12427.0,5
222,17967.0,1
223,16891.0,1
224,14589.0,1
225,,7
226,14680.0,1
227,17884.0,1
228,12557.0,9
229,14083.0,1
230,13013.0,1
231,14210.0,1
232,16477.0,1
233,12600.0,5
234,16013.0,1
235,17949.0,1
236,12779.0,10
237,16926.0,1
238,17787.0,1
239,12682.0,2
240,14723.0,1
241,17954.0,1
242,17819.0,1
243,12712.0,5
244,15373.0,1
245,16140.0,1
246,17198.0,1
247,17238.0,1
248,12793.0,11
249,15769.0,1
250,14396.0,1
251,14898.0,1
252,12725.0,12
253,16725.0,1
254,12395.0,13
255,16455.0,1
256,13081.0,1
257,15545.0,1
258,17243.0,1
259,15465.0,1
260,15708.0,1
261,13089.0,1
262,16033.0,1
263,13838.0,1
264,15351.0,1
265,18055.0,1
266,15038.0,1
267,18109.0,1
268,13069.0,1
269,16241.0,1
270,14800.0,1
271,16839.0,1
272,16168.0,1
273,16931.0,1
274,16814.0,1
275,13269.0,1
276,14813.0,1
277,12567.0,2
278,17062.0,1
279,15332.0,14
280,14810.0,1
281,16353.0,1
282,18118.0,1
283,13831.0,1
284,13506.0,1
285,17796.0,1
286,15716.0,1
287,18156.0,1
288,15221.0,1
289,16983.0,1
290,17059.0,1
291,16327.0,1
292,17211.0,1
293,17026.0,1
294,15570.0,1
295,15880.0,1
296,16718.0,1
297,15808.0,1
298,17858.0,1
299,16393.0,1
300,14161.0,1
301,17863.0,1
302,16411.0,1
303,16402.0,1
304,15023.0,1
305,17402.0,1
306,15426.0,1
307,12647.0,5
308,15894.0,1
309,15867.0,1
310,14506.0,1
311,15555.0,1
312,13034.0,1
313,15889.0,1
314,15953.0,1
315,16143.0,1
316,12720.0,5
317,16422.0,1
318,12747.0,1
319,15502.0,1
320,12763.0,15
321,14081.0,1
322,17965.0,1
323,14404.0,1
324,13579.0,1
325,13174.0,1
326,15987.0,1
327,17677.0,1
328,13652.0,1
329,12586.0,12
330,17428.0,1
331,16161.0,1
332,16858.0,1
333,18219.0,1
334,14293.0,1
335,14748.0,1
336,16638.0,1
337,17674.0,1
338,12808.0,11
339,13094.0,1
340,15899.0,1
341,12708.0,5
342,15898.0,1
343,17691.0,1
344,17227.0,1
345,15039.0,1
346,15919.0,1
347,13497.0,1
348,15860.0,1
349,14189.0,1
350,15304.0,1
351,14867.0,1
352,14344.0,1
353,12474.0,5
354,16719.0,1
355,15048.0,1
356,15301.0,1
357,14708.0,1
358,16898.0,1
359,14825.0,1
360,18113.0,1
361,17596.0,1
362,15078.0,1
363,14085.0,1
364,17860.0,1
365,13155.0,1
366,15028.0,1
367,16919.0,1
368,17259.0,1
369,17019.0,1
370,14487.0,1
371,16722.0,1
372,15882.0,1
373,14667.0,1
374,16710.0,1
375,16550.0,1
376,15984.0,1
377,17682.0,1
378,16658.0,1
379,17068.0,1
380,15356.0,1
381,17223.0,1
382,16817.0,1
383,13030.0,1
384,17191.0,1
385,15194.0,1
386,14409.0,1
387,16654.0,1
388,16861.0,1
389,16138.0,1
390,13481.0,1
391,13495.0,1
392,17519.0,1
393,17218.0,1
394,17812.0,1
395,14215.0,1
396,15602.0,1
397,17320.0,1
398,16782.0,1
399,12913.0,1
400,17869.0,1
401,13564.0,1
402,14850.0,1
403,15021.0,1
404,13963.0,1
405,17450.0,1
406,17091.0,1
407,17470.0,1
408,17616.0,1
409,15649.0,1
410,12681.0,2
411,14907.0,1
412,17735.0,1
413,16059.0,1
414,17720.0,1
415,15018.0,1
416,14733.0,1
417,13756.0,1
418,14176.0,1
419,13319.0,1
420,15353.0,1
421,18119.0,1
422,17491.0,1
423,14282.0,1
424,13569.0,1
425,15498.0,1
426,14673.0,1
427,13488.0,1
428,16221.0,1
429,15002.0,1
430,15965.0,1
431,15024.0,1
432,17675.0,1
433,13769.0,1
434,16904.0,1
435,16086.0,1
436,13786.0,1
437,13880.0,1
438,13173.0,1
439,15858.0,1
440,15180.0,1
441,12347.0,16
442,14739.0,1
443,16293.0,1
444,17419.0,1
445,16775.0,1
446,16306.0,1
447,16950.0,1
448,17591.0,1
449,12839.0,1
450,13807.0,1
451,16125.0,1
452,15081.0,1
453,18102.0,1
454,16365.0,1
455,17870.0,1
456,14821.0,1
457,16863.0,1
458,13078.0,1
459,13267.0,1
460,13050.0,1
461,12709.0,5
462,15628.0,1
463,12386.0,3
464,14796.0,1
465,16779.0,1
466,13599.0,1
467,13329.0,1
468,18077.0,1
469,14744.0,1
470,17406.0,1
471,15750.0,1
472,13983.0,1
473,13842.0,1
474,12441.0,2
475,13199.0,1
476,14032.0,1
477,17706.0,1
478,16081.0,1
479,16525.0,1
480,14952.0,1
481,17975.0,1
482,16122.0,1
483,13126.0,1
484,15973.0,1
485,16558.0,1
486,16713.0,1
487,16893.0,1
488,15529.0,1
489,18043.0,1
490,16016.0,1
491,17722.0,1
492,17324.0,1
493,17341.0,1
494,14051.0,1
495,15916.0,1
496,16233.0,1
497,16385.0,1
498,15032.0,1
499,17213.0,1
500,18061.0,1
501,13113.0,1
502,16553.0,1
503,13455.0,1
504,14217.0,1
505,17262.0,1
506,14299.0,1
507,18259.0,1
508,17676.0,1
509,16679.0,1
510,18269.0,1
511,12766.0,11
512,15298.0,1
513,18193.0,1
514,13523.0,1
515,12870.0,1
516,15005.0,1
517,15581.0,1
518,15680.0,1
519,13649.0,1
520,17894.0,1
521,13270.0,1
522,14618.0,1
523,14866.0,1
524,13077.0,1
525,13115.0,1
526,13531.0,1
527,13848.0,1
528,13140.0,1
529,15713.0,1
530,17999.0,1
531,15347.0,1
532,17340.0,1
533,13984.0,1
534,15996.0,1
535,14030.0,1
536,16252.0,1
537,16596.0,1
538,16700.0,1
539,16011.0,1
540,17655.0,1
541,16717.0,1
542,14243.0,1
543,12963.0,1
544,15079.0,1
545,14437.0,1
546,12942.0,1
547,15660.0,1
548,18092.0,1
549,15358.0,1
550,12481.0,5
551,12721.0,2
552,12621.0,5
553,18071.0,1
554,12683.0,2
555,12755.0,15
556,13854.0,1
557,12797.0,11
558,13369.0,1
559,12494.0,2
560,17857.0,1
561,17411.0,1
562,14932.0,17
563,12429.0,18
564,14987.0,1
565,14355.0,1
566,17526.0,1
567,14896.0,1
568,14440.0,1
569,13240.0,1
570,14479.0,1
571,16065.0,1
572,17430.0,1
573,16520.0,1
574,15945.0,1
575,15181.0,1
576,15856.0,1
577,13102.0,1
578,14205.0,1
579,17702.0,1
580,15271.0,1
581,13982.0,1
582,15288.0,1
583,17978.0,1
584,16795.0,1
585,16519.0,1
586,17816.0,1
587,13021.0,1
588,16255.0,1
589,17671.0,1
590,17646.0,1
591,12649.0,5
592,16350.0,1
593,12872.0,1
594,17339.0,1
595,18230.0,1
596,16499.0,1
597,17097.0,9
598,15192.0,1
599,14441.0,1
600,15279.0,1
601,16579.0,1
602,15380.0,1
603,17442.0,1
604,17950.0,1
605,12826.0,1
606,17456.0,1
607,17307.0,1
608,15811.0,1
609,13327.0,1
610,17700.0,1
611,13136.0,1
612,15535.0,1
613,12605.0,5
614,15329.0,1
615,15211.0,1
616,15596.0,1
617,16163.0,1
618,16907.0,1
619,17576.0,1
620,14713.0,1
621,14702.0,1
622,13230.0,1
623,13969.0,1
624,17530.0,1
625,15805.0,1
626,17696.0,1
627,17076.0,1
628,17827.0,1
629,16265.0,1
630,17880.0,1
631,13000.0,1
632,17790.0,1
633,12731.0,2
634,14419.0,1
635,14082.0,1
636,17912.0,1
637,15723.0,1
638,16656.0,1
639,14037.0,1
640,14256.0,1
641,14543.0,1
642,16062.0,1
643,18116.0,1
644,16019.0,1
645,18178.0,1
646,18065.0,1
647,13148.0,1
648,12989.0,1
649,14107.0,1
650,15881.0,1
651,12785.0,11
652,16727.0,1
653,15514.0,1
654,13787.0,1
655,17865.0,1
656,17220.0,1
657,16565.0,1
658,16873.0,1
659,14062.0,1
660,15179.0,1
661,18016.0,1
662,14448.0,1
663,15503.0,1
664,17251.0,1
665,16923.0,1
666,14159.0,1
667,17126.0,1
668,15224.0,1
669,14577.0,1
670,12753.0,15
671,17236.0,1
672,17372.0,1
673,16367.0,1
674,12875.0,1
675,17917.0,1
676,16010.0,1
677,17085.0,1
678,13668.0,1
679,14684.0,1
680,17188.0,1
681,15547.0,1
682,15998.0,1
683,14413.0,1
684,18004.0,1
685,13959.0,1
686,16665.0,1
687,15454.0,1
688,15044.0,1
689,17937.0,1
690,14608.0,1
691,17618.0,1
692,14505.0,1
693,18037.0,1
694,13198.0,1
695,12540.0,9
696,13225.0,1
697,15361.0,1
698,15689.0,1
699,14290.0,1
700,13209.0,1
701,13999.0,1
702,14498.0,1
703,15854.0,1
704,16701.0,1
705,16927.0,1
706,17990.0,1
707,14544.0,1
708,17338.0,1
709,17231.0,1
710,17799.0,1
711,14565.0,1
712,16726.0,1
713,17303.0,1
714,14639.0,1
715,17611.0,1
716,17179.0,1
717,17524.0,1
718,12476.0,5
719,17293.0,1
720,17890.0,1
721,17375.0,1
722,17371.0,1
723,17969.0,1
724,15159.0,1
725,13211.0,1
726,15777.0,1
727,14525.0,1
728,13324.0,1
729,13802.0,1
730,13948.0,1
731,13008.0,1
732,14206.0,1
733,16202.0,1
734,16442.0,1
735,18075.0,1
736,15468.0,1
737,16570.0,1
738,14524.0,1
739,18141.0,1
740,12434.0,3
741,16810.0,1
742,14961.0,1
743,17041.0,1
744,16458.0,1
745,16083.0,1
746,16262.0,1
747,17194.0,1
748,14057.0,1
749,14871.0,1
750,13178.0,1
751,18044.0,1
752,16812.0,1
753,16191.0,1
754,12370.0,19
755,14298.0,1
756,17158.0,1
757,14415.0,1
758,16899.0,1
759,16531.0,1
760,17404.0,20
761,16556.0,1
762,16805.0,1
763,16503.0,1
764,17739.0,1
765,13238.0,1
766,12829.0,1
767,13097.0,1
768,12867.0,1
769,15392.0,1
770,13846.0,1
771,14401.0,1
772,16145.0,1
773,17629.0,1
774,14150.0,1
775,13496.0,1
776,13611.0,1
777,16954.0,1
778,17454.0,1
779,17449.0,1
780,17230.0,1
781,12865.0,21
782,15950.0,1
783,15512.0,1
784,17525.0,1
785,13458.0,1
786,14426.0,1
787,16003.0,1
788,13092.0,1
789,13426.0,1
790,15101.0,1
791,17033.0,1
792,13221.0,1
793,14201.0,1
794,17692.0,1
795,15822.0,1
796,16134.0,1
797,17551.0,1
798,18050.0,1
799,14913.0,1
800,12666.0,22
801,15641.0,1
802,13124.0,1
803,17214.0,1
804,15456.0,1
805,15062.0,1
806,12928.0,1
807,15727.0,1
808,17980.0,1
809,15290.0,1
810,17752.0,1
811,15615.0,1
812,12577.0,2
813,17044.0,1
814,13829.0,1
815,17633.0,1
816,13266.0,1
817,17820.0,1
818,15664.0,1
819,17189.0,1
820,17496.0,1
821,16607.0,1
822,13317.0,1
823,13890.0,1
824,17001.0,1
825,15246.0,1
826,16996.0,1
827,15482.0,1
828,16037.0,1
829,14841.0,1
830,16670.0,1
831,16985.0,1
832,16705.0,1
833,16470.0,1
834,14414.0,1
835,15563.0,1
836,12980.0,1
837,16746.0,1
838,14878.0,1
839,16743.0,1
840,17146.0,1
841,12877.0,1
842,15394.0,1
843,14621.0,1
844,15379.0,1
845,14309.0,1
846,17288.0,1
847,14709.0,1
848,15157.0,1
849,17744.0,1
850,16316.0,1
851,15620.0,1
852,15789.0,1
853,16560.0,1
854,13534.0,1
855,17580.0,1
856,14777.0,1
857,15759.0,1
858,14373.0,1
859,18176.0,1
860,15366.0,1
861,14735.0,1
862,16271.0,1
863,18223.0,1
864,15532.0,1
865,16816.0,1
866,16684.0,1
867,14334.0,1
868,16945.0,1
869,14643.0,1
870,15197.0,1
871,14220.0,1
872,13874.0,1
873,18260.0,1
874,17848.0,1
875,17392.0,1
876,12348.0,23
877,14985.0,1
878,13004.0,1
879,14560.0,1
880,12370.0,21
881,12931.0,1
882,13627.0,1
883,12551.0,9
884,12782.0,11
885,14769.0,1
886,15780.0,1
887,12417.0,13
888,17315.0,1
889,16711.0,1
890,12726.0,2
891,15204.0,1
892,17888.0,1
893,17007.0,1
894,15160.0,1
895,14016.0,7
896,13033.0,1
897,12691.0,2
898,13869.0,1
899,14146.0,1
900,12705.0,5
901,16885.0,1
902,17913.0,1
903,12668.0,5
904,14472.0,1
905,17358.0,1
906,16686.0,1
907,18245.0,1
908,17343.0,1
909,18256.0,1
910,16153.0,1
911,12377.0,8
912,14646.0,4
913,12944.0,1
914,15312.0,1
915,,24
916,14099.0,1
917,14113.0,1
918,13104.0,1
919,17204.0,1
920,13027.0,1
921,17621.0,1
922,17090.0,1
923,14119.0,1
924,15527.0,1
925,18097.0,1
926,15460.0,1
927,15034.0,1
928,12423.0,13
929,12678.0,2
930,15208.0,1
931,17306.0,1
932,14737.0,1
933,13029.0,1
934,16270.0,1
935,13487.0,1
936,12515.0,12
937,17400.0,1
938,17593.0,1
939,13953.0,1
940,14533.0,1
941,12734.0,2
942,14944.0,1
943,17239.0,1
944,14532.0,1
945,12383.0,13
946,15562.0,1
947,15587.0,1
948,13922.0,1
949,13817.0,5
950,12585.0,5
951,13165.0,1
952,13304.0,1
953,13313.0,1
954,16875.0,1
955,16282.0,1
956,12957.0,1
957,14462.0,1
958,13397.0,1
959,13680.0,1
960,12483.0,20
961,15164.0,1
962,17457.0,1
963,14732.0,1
964,14221.0,1
965,14553.0,1
966,13253.0,1
967,17389.0,1
968,12578.0,12
969,15841.0,1
970,16112.0,1
971,13629.0,1
972,16600.0,1
973,15661.0,1
974,16532.0,1
975,15266.0,1
976,14653.0,1
977,16771.0,1
978,17585.0,1
979,15046.0,1
980,13082.0,1
981,15464.0,1
982,18226.0,1
983,18062.0,1
984,12415.0,3
985,12503.0,9
986,17368.0,1
987,14258.0,1
988,15719.0,1
989,13368.0,1
990,17634.0,1
991,16676.0,1
992,16424.0,1
993,18283.0,1
994,12735.0,2
995,13764.0,1
996,13656.0,1
997,12413.0,2
998,14312.0,1
999,13280.0,1
1000,15845.0,1
1001,16094.0,1
1002,13187.0,1
1003,16567.0,1
1004,14828.0,1
1005,12530.0,5
1006,16551.0,1
1007,16889.0,1
1008,16473.0,1
1009,13750.0,1
1010,12501.0,5
1011,15607.0,1
1012,15139.0,1
1013,12489.0,2
1014,17707.0,1
1015,18198.0,1
1016,12484.0,9
1017,18179.0,1
1018,17284.0,1
1019,13233.0,1
1020,14889.0,1
1021,12480.0,5
1022,14672.0,1
1023,13593.0,1
1024,13162.0,1
1025,13183.0,1
1026,17095.0,1
1027,12939.0,1
1028,15611.0,1
1029,17114.0,1
1030,15059.0,1
1031,16326.0,1
1032,17128.0,1
1033,14761.0,1
1034,17555.0,1
1035,12651.0,2
1036,16735.0,1
1037,16833.0,1
1038,17800.0,1
1039,16748.0,1
1040,14755.0,1
1041,16549.0,1
1042,13565.0,1
1043,15799.0,1
1044,18032.0,1
1045,13451.0,1
1046,14794.0,1
1047,12539.0,9
1048,12500.0,5
1049,18171.0,1
1050,16279.0,1
1051,,22
1052,12524.0,5
1053,17811.0,1
1054,16850.0,1
1055,14321.0,1
1056,15326.0,1
1057,17849.0,1
1058,13672.0,1
1059,14229.0,1
1060,13107.0,1
1061,16497.0,1
1062,16303.0,1
1063,15281.0,1
1064,12736.0,2
1065,13473.0,1
1066,14320.0,1
1067,12393.0,3
1068,17742.0,1
1069,16351.0,1
1070,12601.0,5
1071,13144.0,1
1072,15346.0,1
1073,15370.0,1
1074,12643.0,2
1075,14295.0,1
1076,16034.0,1
1077,17365.0,1
1078,15189.0,1
1079,14669.0,1
1080,18095.0,1
1081,15518.0,1
1082,15749.0,1
1083,14209.0,1
1084,15569.0,1
1085,12728.0,2
1086,17569.0,1
1087,13784.0,1
1088,12724.0,2
1089,13862.0,1
1090,16791.0,1
1091,16235.0,1
1092,14270.0,1
1093,12665.0,5
1094,12523.0,2
1095,16655.0,1
1096,16359.0,1
1097,16554.0,1
1098,12359.0,19
1099,15939.0,1
1100,14587.0,1
1101,14715.0,1
1102,14185.0,1
1103,12437.0,2
1104,14040.0,1
1105,12652.0,2
1106,14514.0,1
1107,15171.0,1
1108,14167.0,1
1109,17048.0,1
1110,17364.0,1
1111,13284.0,1
1112,16500.0,1
1113,12951.0,1
1114,15835.0,1
1115,18190.0,1
1116,13993.0,1
1117,14114.0,1
1118,15447.0,1
1119,16315.0,1
1120,14978.0,1
1121,16395.0,1
1122,15510.0,1
1123,13614.0,1
1124,13246.0,1
1125,15687.0,1
1126,16493.0,1
1127,12490.0,2
1128,12672.0,2
1129,13385.0,1
1130,15626.0,1
1131,12553.0,2
1132,15213.0,1
1133,14175.0,1
1134,18106.0,1
1135,15033.0,1
1136,14329.0,1
1137,16401.0,1
1138,16206.0,1
1139,13782.0,1
1140,12924.0,1
1141,16593.0,1
1142,13700.0,1
1143,13064.0,1
1144,13048.0,1
1145,18069.0,1
1146,13634.0,1
1147,16843.0,1
1148,17064.0,1
1149,17609.0,1
1150,15673.0,1
1151,12626.0,5
1152,14976.0,1
1153,12388.0,3
1154,13527.0,1
1155,15696.0,1
1156,15316.0,1
1157,12673.0,5
1158,15296.0,1
1159,17988.0,1
1160,12820.0,1
1161,13001.0,1
1162,14101.0,1
1163,14238.0,1
1164,17730.0,1
1165,13929.0,1
1166,14657.0,1
1167,13859.0,1
1168,18212.0,1
1169,14292.0,1
1170,13883.0,1
1171,18233.0,1
1172,17018.0,1
1173,14242.0,1
1174,12356.0,11
1175,12346.0,1
1176,13898.0,1
1177,16948.0,1
1178,16997.0,1
1179,12527.0,5
1180,15395.0,1
1181,12510.0,9
1182,13693.0,1
1183,13263.0,1
1184,14428.0,1
1185,12451.0,8
1186,12422.0,3
1187,17708.0,1
1188,14090.0,1
1189,15606.0,1
1190,15831.0,1
1191,13310.0,1
1192,14916.0,1
1193,17602.0,1
1194,14572.0,1
1195,13502.0,1
1196,14784.0,1
1197,15938.0,1
1198,12637.0,2
1199,17418.0,1
1200,14779.0,1
1201,16321.0,3
1202,15262.0,1
1203,17862.0,1
1204,16892.0,1
1205,12402.0,13
1206,17771.0,1
1207,15422.0,1
1208,14770.0,1
1209,16912.0,1
1210,15174.0,1
1211,14895.0,1
1212,12594.0,12
1213,17504.0,1
1214,16387.0,1
1215,12664.0,23
1216,16618.0,1
1217,17277.0,1
1218,14088.0,1
1219,17094.0,1
1220,14692.0,1
1221,12970.0,1
1222,17889.0,1
1223,17644.0,1
1224,17714.0,1
1225,12916.0,1
1226,17769.0,1
1227,14450.0,1
1228,16085.0,1
1229,13659.0,1
1230,15167.0,1
1231,15443.0,1
1232,14224.0,1
1233,13742.0,1
1234,17673.0,1
1235,12727.0,2
1236,14068.0,1
1237,13068.0,1
1238,14368.0,1
1239,15497.0,1
1240,12559.0,5
1241,13819.0,1
1242,14501.0,1
1243,14782.0,1
1244,17861.0,1
1245,14439.0,25
1246,18161.0,1
1247,15820.0,1
1248,18136.0,1
1249,16660.0,1
1250,12693.0,5
1251,12625.0,5
1252,13396.0,1
1253,12935.0,1
1254,16730.0,1
1255,14541.0,1
1256,,26
1257,13551.0,1
1258,12421.0,9
1259,15797.0,1
1260,15052.0,1
1261,14130.0,1
1262,15222.0,1
1263,13615.0,1
1264,13901.0,1
1265,13158.0,1
1266,14257.0,1
1267,15218.0,1
1268,15110.0,1
1269,14534.0,1
1270,15967.0,1
1271,16757.0,1
1272,12854.0,1
1273,13815.0,5
1274,18008.0,1
1275,18277.0,1
1276,14389.0,1
1277,13703.0,1
1278,15339.0,1
1279,12744.0,27
1280,16222.0,1
1281,14341.0,1
1282,13168.0,1
1283,16943.0,1
1284,17515.0,1
1285,17082.0,1
1286,14248.0,1
1287,12609.0,5
1288,13002.0,1
1289,16133.0,1
1290,13049.0,1
1291,14548.0,1
1292,13405.0,1
1293,14049.0,1
1294,16043.0,1
1295,15812.0,1
1296,13837.0,1
1297,17118.0,1
1298,14616.0,1
1299,14233.0,1
1300,17075.0,1
1301,16714.0,1
1302,13098.0,1
1303,17027.0,1
1304,12591.0,12
1305,17786.0,1
1306,16124.0,1
1307,16409.0,1
1308,13754.0,1
1309,15227.0,1
1310,12997.0,1
1311,15215.0,1
1312,16918.0,1
1313,16882.0,1
1314,14442.0,17
1315,16496.0,1
1316,12764.0,28
1317,17311.0,1
1318,15910.0,1
1319,16949.0,1
1320,14970.0,1
1321,14701.0,1
1322,12645.0,5
1323,12468.0,5
1324,16767.0,1
1325,14738.0,1
1326,17540.0,1
1327,14239.0,1
1328,18125.0,1
1329,13328.0,1
1330,15549.0,1
1331,15864.0,1
1332,14662.0,1
1333,17180.0,1
1334,15057.0,1
1335,12574.0,2
1336,13330.0,1
1337,13552.0,1
1338,12853.0,1
1339,13538.0,1
1340,16755.0,1
1341,14133.0,1
1342,16523.0,1
1343,14659.0,1
1344,13141.0,1
1345,15365.0,1
1346,13707.0,1
1347,13709.0,1
1348,17329.0,1
1349,14805.0,1
1350,16897.0,1
1351,15579.0,1
1352,14595.0,1
1353,13161.0,1
1354,15415.0,1
1355,17431.0,1
1356,17463.0,1
1357,14502.0,1
1358,12528.0,5
1359,15448.0,1
1360,17314.0,1
1361,17373.0,1
1362,18145.0,1
1363,14467.0,1
1364,12908.0,1
1365,15144.0,1
1366,14776.0,1
1367,16403.0,1
1368,16407.0,1
1369,17619.0,1
1370,12778.0,4
1371,17256.0,1
1372,17604.0,1
1373,14006.0,1
1374,13600.0,1
1375,15058.0,1
1376,17147.0,1
1377,13881.0,1
1378,16612.0,1
1379,14627.0,1
1380,17356.0,1
1381,12477.0,5
1382,12836.0,1
1383,13939.0,1
1384,16745.0,1
1385,13606.0,1
1386,13494.0,1
1387,12929.0,1
1388,16419.0,1
1389,17035.0,1
1390,15203.0,1
1391,16515.0,1
1392,12373.0,21
1393,18202.0,1
1394,12775.0,4
1395,14549.0,1
1396,15981.0,1
1397,16110.0,1
1398,17376.0,1
1399,13110.0,1
1400,16716.0,1
1401,12676.0,20
1402,15940.0,1
1403,15971.0,1
1404,14665.0,1
1405,14457.0,1
1406,15589.0,1
1407,14411.0,1
1408,17560.0,1
1409,15226.0,1
1410,14460.0,1
1411,16156.0,1
1412,13728.0,1
1413,14127.0,1
1414,16378.0,1
1415,13894.0,1
1416,13824.0,1
1417,18250.0,1
1418,15270.0,1
1419,14188.0,1
1420,18017.0,1
1421,15421.0,1
1422,17446.0,1
1423,12414.0,21
1424,14798.0,1
1425,12990.0,1
1426,12350.0,6
1427,16992.0,1
1428,17337.0,1
1429,16405.0,1
1430,17071.0,1
1431,13873.0,1
1432,17362.0,1
1433,13394.0,1
1434,12502.0,9
1435,16333.0,1
1436,16030.0,1
1437,14044.0,1
1438,13800.0,1
1439,17672.0,1
1440,12464.0,13
1441,13581.0,1
1442,14540.0,1
1443,13539.0,1
1444,15885.0,1
1445,14497.0,1
1446,17507.0,1
1447,13208.0,1
1448,17334.0,1
1449,13871.0,1
1450,16938.0,1
1451,12754.0,15
1452,12410.0,8
1453,17929.0,1
1454,14778.0,1
1455,17517.0,1
1456,17226.0,1
1457,13137.0,1
1458,13725.0,1
1459,13309.0,1
1460,12842.0,1
1461,16109.0,1
1462,17291.0,1
1463,15090.0,1
1464,15199.0,1
1465,13911.0,1
1466,14194.0,1
1467,14842.0,1
1468,13584.0,1
1469,17105.0,1
1470,14438.0,1
1471,12956.0,1
1472,15781.0,1
1473,14410.0,1
1474,14600.0,1
1475,17302.0,1
1476,17613.0,1
1477,13334.0,1
1478,13955.0,1
1479,17162.0,1
1480,17774.0,1
1481,13809.0,19
1482,15407.0,1
1483,15577.0,1
1484,16332.0,1
1485,14048.0,1
1486,14475.0,1
1487,17859.0,1
1488,12576.0,10
1489,15753.0,1
1490,12599.0,2
1491,14562.0,1
1492,16951.0,1
1493,16998.0,1
1494,13133.0,1
1495,17881.0,1
1496,15843.0,1
1497,17083.0,1
1498,15970.0,1
1499,13590.0,1
1500,17537.0,1
1501,12401.0,13
1502,12462.0,9
1503,17843.0,1
1504,13706.0,1
1505,17940.0,1
1506,17686.0,1
1507,14431.0,1
1508,15809.0,1
1509,12561.0,5
1510,14465.0,1
1511,18093.0,1
1512,16027.0,1
1513,12857.0,1
1514,16425.0,1
1515,16842.0,1
1516,15796.0,1
1517,14555.0,1
1518,15114.0,1
1519,15133.0,1
1520,17705.0,1
1521,18087.0,1
1522,12897.0,1
1523,17512.0,1
1524,15550.0,1
1525,14676.0,1
1526,12505.0,12
1527,18159.0,1
1528,14304.0,1
1529,15638.0,1
1530,12943.0,1
1531,13875.0,1
1532,15406.0,1
1533,18084.0,1
1534,17282.0,1
1535,16434.0,1
1536,17050.0,1
1537,13171.0,1
1538,17472.0,1
1539,17255.0,1
1540,16084.0,1
1541,17667.0,1
1542,12507.0,9
1543,14631.0,1
1544,13381.0,1
1545,15236.0,1
1546,13475.0,1
1547,17829.0,29
1548,13717.0,1
1549,13157.0,1
1550,14644.0,1
1551,12993.0,1
1552,17571.0,1
1553,16979.0,1
1554,16738.0,1
1555,15122.0,1
1556,17612.0,1
1557,17348.0,1
1558,13893.0,1
1559,14035.0,1
1560,13623.0,1
1561,14346.0,1
1562,16431.0,1
1563,12616.0,2
1564,16317.0,1
1565,14935.0,17
1566,16073.0,1
1567,14477.0,1
1568,14760.0,1
1569,14897.0,1
1570,15810.0,1
1571,16509.0,1
1572,14386.0,1
1573,12455.0,19
1574,14530.0,1
1575,15670.0,1
1576,12653.0,22
1577,16126.0,1
1578,14609.0,1
1579,13414.0,1
1580,12823.0,1
1581,12352.0,6
1582,12372.0,18
1583,16494.0,1
1584,14959.0,1
1585,16148.0,1
1586,17422.0,1
1587,17175.0,1
1588,18257.0,1
1589,12431.0,13
1590,12362.0,13
1591,13018.0,1
1592,13718.0,1
1593,15382.0,1
1594,14754.0,1
1595,13151.0,1
1596,12654.0,5
1597,13085.0,1
1598,15903.0,1
1599,15785.0,1
1600,18138.0,1
1601,14379.0,1
1602,14211.0,1
1603,14371.0,1
1604,13425.0,1
1605,12852.0,1
1606,15228.0,1
1607,13012.0,1
1608,16182.0,1
1609,13489.0,1
1610,12714.0,2
1611,13904.0,1
1612,15755.0,1
1613,13932.0,1
1614,13799.0,1
1615,13951.0,1
1616,16765.0,1
1617,18172.0,1
1618,16566.0,1
1619,12891.0,1
1620,16466.0,1
1621,16115.0,1
1622,14162.0,1
1623,13301.0,1
1624,14803.0,1
1625,13744.0,1
1626,12988.0,1
1627,17323.0,1
1628,12707.0,2
1629,18094.0,1
1630,15129.0,1
1631,17361.0,1
1632,18155.0,1
1633,15321.0,1
1634,13477.0,1
1635,15065.0,1
1636,16980.0,1
1637,15146.0,1
1638,12365.0,19
1639,13410.0,1
1640,13044.0,1
1641,16441.0,1
1642,16014.0,1
1643,14520.0,1
1644,17994.0,1
1645,13038.0,1
1646,17002.0,1
1647,15722.0,1
1648,16349.0,1
1649,16913.0,1
1650,18114.0,1
1651,15303.0,1
1652,12845.0,1
1653,18188.0,1
1654,16045.0,1
1655,16573.0,1
1656,13421.0,1
1657,18196.0,1
1658,13285.0,1
1659,13184.0,1
1660,18151.0,1
1661,13804.0,1
1662,17499.0,1
1663,15397.0,1
1664,14276.0,1
1665,13453.0,1
1666,16394.0,1
1667,17711.0,1
1668,13865.0,1
1669,16940.0,1
1670,14289.0,1
1671,16208.0,1
1672,17063.0,1
1673,13149.0,1
1674,18068.0,1
1675,15932.0,1
1676,16692.0,1
1677,15590.0,1
1678,17171.0,1
1679,18231.0,1
1680,14004.0,1
1681,17139.0,1
1682,14513.0,1
1683,13118.0,1
1684,15974.0,1
1685,17830.0,1
1686,12565.0,30
1687,12582.0,23
1688,14231.0,1
1689,17867.0,1
1690,14880.0,1
1691,15121.0,1
1692,17117.0,1
1693,12945.0,1
1694,18056.0,1
1695,16072.0,1
1696,16838.0,1
1697,15543.0,1
1698,13751.0,1
1699,15847.0,1
1700,13851.0,1
1701,13501.0,8
1702,12633.0,5
1703,13345.0,1
1704,13870.0,1
1705,17034.0,1
1706,16592.0,1
1707,15712.0,1
1708,13362.0,1
1709,14470.0,1
1710,17388.0,1
1711,16841.0,1
1712,13753.0,1
1713,13666.0,1
1714,12361.0,13
1715,14481.0,1
1716,13792.0,1
1717,17663.0,1
1718,13973.0,1
1719,15990.0,1
1720,13493.0,8
1721,13684.0,1
1722,13261.0,1
1723,16598.0,1
1724,14147.0,1
1725,15951.0,1
1726,13971.0,1
1727,17516.0,1
1728,13630.0,1
1729,14157.0,1
1730,13636.0,1
1731,13610.0,1
1732,14745.0,1
1733,12781.0,31
1734,14036.0,1
1735,16057.0,1
1736,15724.0,1
1737,12458.0,8
1738,12598.0,2
1739,13675.0,1
1740,14227.0,1
1741,16668.0,1
1742,16667.0,1
1743,13509.0,1
1744,15874.0,1
1745,16187.0,1
1746,16339.0,1
1747,12509.0,2
1748,14046.0,1
1749,13292.0,1
1750,16427.0,1
1751,14056.0,1
1752,15656.0,1
1753,12811.0,11
1754,16518.0,1
1755,17165.0,1
1756,17462.0,1
1757,14620.0,1
1758,14740.0,1
1759,16462.0,1
1760,12428.0,23
1761,16078.0,1
1762,16915.0,1
1763,15676.0,1
1764,15709.0,1
1765,15241.0,1
1766,12933.0,1
1767,15092.0,1
1768,12679.0,2
1769,15319.0,1
1770,16212.0,1
1771,15257.0,1
1772,14656.0,1
1773,13884.0,1
1774,12866.0,13
1775,13166.0,1
1776,16389.0,1
1777,15416.0,1
1778,15733.0,1
1779,16678.0,1
1780,12834.0,1
1781,13722.0,1
1782,14934.0,17
1783,15067.0,1
1784,16128.0,1
1785,17770.0,1
1786,15622.0,1
1787,14473.0,1
1788,15104.0,1
1789,15643.0,1
1790,16792.0,1
1791,15031.0,1
1792,15636.0,1
1793,12873.0,1
1794,17923.0,1
1795,16217.0,1
1796,17738.0,1
1797,17426.0,1
1798,16957.0,1
1799,16571.0,1
1800,14483.0,1
1801,15087.0,1
1802,16709.0,1
1803,17856.0,1
1804,15053.0,1
1805,18218.0,1
1806,16159.0,1
1807,17995.0,1
1808,17374.0,1
1809,17789.0,1
1810,17416.0,1
1811,17652.0,1
1812,13476.0,1
1813,12817.0,21
1814,15393.0,1
1815,13014.0,1
1816,17508.0,25
1817,13931.0,1
1818,12541.0,9
1819,13382.0,1
1820,15220.0,1
1821,14570.0,1
1822,14447.0,1
1823,13557.0,1
1824,16449.0,1
1825,12547.0,9
1826,17325.0,1
1827,14995.0,1
1828,16414.0,1
1829,15681.0,1
1830,14670.0,1
1831,15675.0,1
1832,12584.0,12
1833,17535.0,1
1834,15400.0,1
1835,14903.0,1
1836,14499.0,1
1837,18211.0,1
1838,14504.0,1
1839,15572.0,1
1840,17107.0,1
1841,14247.0,1
1842,15554.0,1
1843,14915.0,1
1844,16136.0,1
1845,18280.0,1
1846,12614.0,5
1847,13344.0,1
1848,16621.0,1
1849,16225.0,1
1850,14214.0,1
1851,14012.0,1
1852,16356.0,1
1853,17654.0,1
1854,15026.0,1
1855,16517.0,1
1856,14817.0,1
1857,17092.0,1
1858,16242.0,1
1859,15869.0,1
1860,17817.0,1
1861,15234.0,1
1862,15764.0,1
1863,15806.0,1
1864,15819.0,1
1865,14586.0,1
1866,15944.0,1
1867,13340.0,1
1868,16917.0,1
1869,14407.0,1
1870,13908.0,1
1871,12758.0,11
1872,13975.0,1
1873,14730.0,1
1874,12623.0,5
1875,14367.0,1
1876,13373.0,1
1877,16712.0,1
1878,17639.0,1
1879,16426.0,1
1880,16495.0,1
1881,14336.0,1
1882,14507.0,1
1883,12759.0,4
1884,17049.0,1
1885,15206.0,1
1886,14013.0,1
1887,14645.0,1
1888,15071.0,1
1889,14112.0,1
1890,13026.0,1
1891,12881.0,1
1892,17864.0,1
1893,14936.0,17
1894,17138.0,1
1895,16572.0,1
1896,14165.0,1
1897,15367.0,1
1898,14291.0,1
1899,15632.0,1
1900,14297.0,1
1901,13899.0,1
1902,16471.0,1
1903,18183.0,1
1904,14603.0,1
1905,18173.0,1
1906,14854.0,1
1907,16625.0,1
1908,14064.0,1
1909,15308.0,1
1910,18086.0,1
1911,14350.0,1
1912,14930.0,17
1913,16080.0,1
1914,14727.0,1
1915,16778.0,1
1916,14077.0,1
1917,16808.0,1
1918,16475.0,1
1919,13265.0,1
1920,12520.0,5
1921,15049.0,1
1922,18149.0,1
1923,13654.0,1
1924,16652.0,1
1925,16766.0,1
1926,16801.0,1
1927,17164.0,1
1928,13226.0,1
1929,13043.0,1
1930,14352.0,1
1931,17351.0,1
1932,16768.0,1
1933,16693.0,1
1934,13956.0,1
1935,13708.0,1
1936,15918.0,1
1937,15671.0,1
1938,14962.0,1
1939,16807.0,1
1940,15125.0,1
1941,16871.0,1
1942,12901.0,1
1943,13452.0,1
1944,15493.0,1
1945,16005.0,1
1946,15388.0,32
1947,16804.0,1
1948,13499.0,1
1949,15047.0,1
1950,14193.0,1
1951,17542.0,1
1952,17080.0,1
1953,16392.0,1
1954,15106.0,1
1955,16214.0,1
1956,13716.0,1
1957,15150.0,1
1958,16061.0,1
1959,14226.0,1
1960,13121.0,1
1961,16297.0,1
1962,12994.0,1
1963,16152.0,1
1964,14636.0,1
1965,16040.0,1
1966,15793.0,1
1967,13358.0,1
1968,12849.0,1
1969,15182.0,1
1970,13299.0,1
1971,16383.0,1
1972,15381.0,1
1973,12597.0,9
1974,15030.0,1
1975,12435.0,18
1976,12955.0,1
1977,18189.0,1
1978,13946.0,1
1979,17716.0,1
1980,13185.0,1
1981,14840.0,1
1982,13216.0,1
1983,13650.0,1
1984,13533.0,1
1985,13268.0,1
1986,15433.0,1
1987,12937.0,1
1988,17603.0,1
1989,16216.0,1
1990,16377.0,1
1991,16976.0,1
1992,12514.0,12
1993,18210.0,1
1994,13631.0,1
1995,14422.0,1
1996,15648.0,1
1997,17725.0,1
1998,15861.0,1
1999,13072.0,1
2000,15695.0,1
2001,14110.0,1
2002,14059.0,1
2003,16672.0,1
2004,16511.0,1
2005,16256.0,1
2006,13591.0,1
2007,14066.0,1
2008,15483.0,1
2009,16626.0,1
2010,15019.0,1
2011,18270.0,1
2012,14315.0,1
2013,17921.0,1
2014,14041.0,1
2015,17060.0,1
2016,16023.0,1
2017,17133.0,1
2018,12878.0,1
2019,14155.0,1
2020,17043.0,1
2021,13046.0,1
2022,14633.0,1
2023,12948.0,1
2024,15703.0,1
2025,14071.0,1
2026,17134.0,1
2027,17795.0,1
2028,12902.0,1
2029,16444.0,1
2030,14232.0,1
2031,14693.0,1
2032,12407.0,13
2033,16728.0,1
2034,16096.0,1
2035,13985.0,1
2036,13592.0,1
2037,15140.0,1
2038,12843.0,1
2039,14408.0,1
2040,15408.0,1
2041,15445.0,1
2042,15452.0,1
2043,14223.0,1
2044,16619.0,1
2045,14762.0,1
2046,13934.0,1
2047,15669.0,1
2048,16384.0,1
2049,18224.0,1
2050,14245.0,1
2051,17678.0,1
2052,15855.0,1
2053,16036.0,1
2054,17763.0,1
2055,13262.0,1
2056,17152.0,1
2057,14632.0,1
2058,13900.0,1
2059,14875.0,1
2060,15132.0,1
2061,17272.0,1
2062,16135.0,1
2063,12831.0,1
2064,15437.0,1
2065,16809.0,1
2066,14711.0,1
2067,14377.0,1
2068,16374.0,1
2069,13196.0,1
2070,15457.0,1
2071,12613.0,5
2072,16721.0,1
2073,12399.0,13
2074,17733.0,1
2075,17102.0,1
2076,15410.0,1
2077,13239.0,1
2078,15449.0,1
2079,14870.0,1
2080,13821.0,1
2081,17096.0,1
2082,12604.0,2
2083,12818.0,21
2084,18191.0,1
2085,14461.0,1
2086,13132.0,1
2087,16859.0,1
2088,15245.0,1
2089,17486.0,1
2090,16308.0,1
2091,12564.0,2
2092,14607.0,1
2093,13249.0,1
2094,15644.0,1
2095,14075.0,1
2096,17250.0,1
2097,17966.0,1
2098,14129.0,1
2099,15651.0,1
2100,13035.0,1
2101,13341.0,1
2102,13512.0,1
2103,16620.0,1
2104,17698.0,1
2105,14267.0,1
2106,13736.0,1
2107,16022.0,1
2108,14235.0,1
2109,16769.0,1
2110,17754.0,1
2111,12408.0,13
2112,16063.0,1
2113,15178.0,1
2114,14348.0,1
2115,15815.0,1
2116,13695.0,1
2117,17979.0,1
2118,13139.0,1
2119,12545.0,9
2120,14758.0,1
2121,14536.0,1
2122,13662.0,1
2123,17946.0,1
2124,13743.0,1
2125,18078.0,1
2126,16780.0,1
2127,18273.0,1
2128,15045.0,1
2129,17625.0,1
2130,13357.0,1
2131,16777.0,1
2132,14476.0,1
2133,16245.0,1
2134,12669.0,2
2135,12792.0,11
2136,17765.0,1
2137,15083.0,1
2138,18010.0,1
2139,15249.0,1
2140,13760.0,1
2141,15624.0,1
2142,17749.0,1
2143,15068.0,1
2144,14538.0,1
2145,14851.0,1
2146,14021.0,1
2147,13037.0,1
2148,18177.0,1
2149,14128.0,1
2150,17874.0,1
2151,17719.0,1
2152,17931.0,1
2153,13803.0,1
2154,17398.0,1
2155,15906.0,1
2156,16253.0,1
2157,13439.0,1
2158,12888.0,1
2159,13588.0,1
2160,12456.0,8
2161,15521.0,1
2162,13720.0,1
2163,15674.0,1
2164,17594.0,1
2165,17775.0,1
2166,13988.0,1
2167,16657.0,1
2168,15424.0,1
2169,13316.0,1
2170,16788.0,1
2171,16584.0,1
2172,15364.0,1
2173,18108.0,1
2174,14272.0,1
2175,15980.0,1
2176,15832.0,1
2177,16092.0,1
2178,15528.0,1
2179,16398.0,1
2180,17088.0,1
2181,17438.0,1
2182,13060.0,1
2183,14790.0,1
2184,14890.0,1
2185,16386.0,1
2186,14818.0,1
2187,13571.0,1
2188,12909.0,1
2189,12619.0,5
2190,16698.0,1
2191,16681.0,1
2192,13573.0,1
2193,14957.0,1
2194,13918.0,1
2195,17212.0,1
2196,17781.0,1
2197,14886.0,1
2198,13626.0,1
2199,16609.0,1
2200,16180.0,1
2201,13462.0,1
2202,18263.0,1
2203,16960.0,1
2204,13841.0,1
2205,17701.0,1
2206,12949.0,1
2207,14852.0,1
2208,12569.0,5
2209,13169.0,1
2210,16162.0,1
2211,15691.0,1
2212,14195.0,1
2213,13781.0,1
2214,17758.0,1
2215,14023.0,1
2216,17669.0,1
2217,16142.0,1
2218,17648.0,1
2219,13059.0,1
2220,16224.0,1
2221,15223.0,1
2222,17886.0,1
2223,13294.0,1
2224,15289.0,1
2225,18185.0,1
2226,17956.0,1
2227,15756.0,1
2228,14747.0,1
2229,14719.0,1
2230,13015.0,1
2231,16586.0,1
2232,16105.0,1
2233,14546.0,1
2234,15442.0,1
2235,16906.0,1
2236,14535.0,1
2237,16170.0,1
2238,15244.0,1
2239,16696.0,1
2240,15145.0,1
2241,17492.0,1
2242,13525.0,1
2243,17409.0,1
2244,17783.0,1
2245,13863.0,1
2246,13515.0,1
2247,15917.0,1
2248,17440.0,1
2249,17045.0,1
2250,17140.0,1
2251,15201.0,1
2252,14964.0,1
2253,16031.0,1
2254,14403.0,1
2255,17042.0,1
2256,13771.0,1
2257,17906.0,1
2258,18272.0,1
2259,16144.0,1
2260,13731.0,1
2261,12580.0,5
2262,14912.0,12
2263,15530.0,1
2264,13950.0,1
2265,13752.0,1
2266,13892.0,1
2267,14446.0,1
2268,16209.0,1
2269,15754.0,1
2270,13712.0,1
2271,15800.0,1
2272,16469.0,1
2273,13005.0,1
2274,14981.0,1
2275,17928.0,1
2276,16261.0,1
2277,17883.0,1
2278,14619.0,1
2279,13995.0,1
2280,16643.0,1
2281,14246.0,1
2282,18040.0,1
2283,16837.0,1
2284,15119.0,1
2285,16325.0,1
2286,14924.0,1
2287,15109.0,1
2288,16623.0,1
2289,12999.0,1
2290,12717.0,25
2291,13962.0,1
2292,18036.0,1
2293,14958.0,1
2294,13562.0,1
2295,15775.0,1
2296,17054.0,1
2297,17268.0,1
2298,13548.0,1
2299,13508.0,1
2300,12447.0,13
2301,13570.0,1
2302,13232.0,1
2303,18129.0,1
2304,13632.0,1
2305,15665.0,1
2306,17550.0,1
2307,15655.0,1
2308,14286.0,1
2309,16188.0,1
2310,12656.0,2
2311,15214.0,1
2312,17574.0,1
2313,15737.0,1
2314,18080.0,1
2315,14311.0,1
2316,14339.0,1
2317,12982.0,1
2318,12701.0,5
2319,12596.0,9
2320,14273.0,1
2321,12363.0,33
2322,13549.0,1
2323,15414.0,1
2324,13203.0,1
2325,14628.0,1
2326,14326.0,1
2327,15935.0,1
2328,13655.0,1
2329,12910.0,1
2330,13577.0,1
2331,15251.0,1
2332,14111.0,1
2333,17160.0,1
2334,16172.0,1
2335,17972.0,1
2336,12463.0,13
2337,14844.0,1
2338,17278.0,1
2339,15212.0,1
2340,16729.0,1
2341,14998.0,1
2342,13484.0,1
2343,16697.0,1
2344,14931.0,17
2345,18236.0,1
2346,13740.0,1
2347,16454.0,1
2348,15230.0,1
2349,15134.0,1
2350,16309.0,1
2351,13544.0,1
2352,14262.0,1
2353,13134.0,1
2354,17589.0,1
2355,16097.0,1
2356,13122.0,1
2357,16966.0,1
2358,17746.0,1
2359,16175.0,1
2360,14834.0,1
2361,16348.0,1
2362,15147.0,1
2363,16131.0,1
2364,15813.0,1
2365,17058.0,1
2366,17704.0,1
2367,16933.0,1
2368,13772.0,1
2369,16249.0,1
2370,14198.0,1
2371,13989.0,1
2372,17930.0,1
2373,14154.0,1
2374,14482.0,1
